Artist,ID
Mary_Cassatt,Q173223
Dirck_van_Baburen,Q380708
Walter_Osborne,Q7965751
Johan_Jongkind,Q704585
Alexander_Calder,Q151580
Charles_Garabed_Atamian,Q724894
Pavel_Filonov,Q466187
John_Jackson_(painter),Q5390252
Eduardo_Paolozzi,Q165397
Pierre_Roy_%28painter%29,Q1347013
Paul_Peel,Q609959
Alexander_Bogomazov,Q1984317
Otto_Dix,Q153104
Fyodor_Rokotov,Q372393
George_Frederic_Watts,Q183245
Jean_Dupas,Q3171870
Julian_Ashton,Q6306955
Charles_Maurin,Q371549
Jean_Baptiste_Vanmour,Q956812
Karl_Bryullov,Q4768
Alexey_Bogolyubov,Q372277
David_Kakabadze,Q2028362
Edwin_Dickinson,Q5346359
Miguel_Rio_Branco,Q6015029
Moshe_Kupferman,Q12409621
James_Campbell_Noble,Q3372594
Alexandre-Gabriel_Decamps,Q458288
Hans_Baldung,Q164696
Lajos_Vajda,Q258704
Eva_Janina_Wieczorek,Q91011
Albert_Aublet,Q2830928
Lady_Frieda_Harris,Q1456340
George_Harvey_(painter),Q1507528
Emilio_Scanavino,Q472656
Rudolf_Bauer_%28artist%29,Q72615
Anne_Ryan,Q4768767
Vilhelms_Purv%C4%ABtis,Q2663470
Anita_Malfatti,Q465919
Henri_Rousseau,Q156386
Tsuguharu_Foujita,Q261846
Piet_Mondrian,Q151803
%C8%98tefan_C%C3%A2l%C8%9Bia,Q4577849
Patrick_Heron,Q1563132
Pietro_da_Cortona,Q333323
Jock_Macdonald,Q6207382
%C3%81sgr%C3%ADmur_J%C3%B3nsson,Q252549
Giulio_Paolini,Q826845
Jean-Joseph_Benjamin-Constant,Q968357
János_Mattis-Teutsch,Q830827
Georges_Rouault,Q156128
Otto_Freundlich,Q699326
Doug_Ohlson,Q2194579
Philip_Wilson_Steer,Q2076179
Amedeo_Modigliani,Q120993
Otto_van_Veen,Q785355
Masaccio,Q5811
Albert_Huie,Q4710514
Xul_Solar,Q1435414
Jean_Hugo,Q3172570
Thomas_Smith_(American_painter),Q7794049
Daniel_Dezeuze,Q3013946
Rosalyn_Drexler,Q7367281
Iosif_Iser,Q661172
Rachel_Ruysch,Q234385
Hilma_af_Klint,Q436267
Arthur_Streeton,Q709280
Afro_Basaldella,Q388090
Pavel_Svinyin,Q3210067
Fred_Sandback,Q1452504
James_Ensor,Q158840
J%C3%BAlio_Pomar,Q1339597
Marsden_Hartley,Q553259
Lee_Krasner,Q237959
Paul_Kane,Q506000
Paul_Gavarni,Q1074290
Vasily_Tropinin,Q434561
Lucian_Grigorescu,Q6696710
Mikhail_Larionov,Q38785
%C3%89douard_Riou,Q583275
Jorge_Castillo_(artist),Q326813
Richard_Spare,Q16150495
Clarence_Holbrook_Carter,Q5126587
Yury_Annenkov,Q1362480
Herbert_Zangs,Q317878
Carl_Buchheister,Q476542
Jan_Siberechts,Q1347599
Domenico_Veneziano,Q368546
Charles_Gibbons_(artist),Q5078015
Mih%C3%A1ly_Munk%C3%A1csy,Q551652
Bernardo_Marques,Q4893931
Juan_de_Vald%C3%A9s_Leal,Q518898
Utamaro,Q272045
J._Alden_Weir,Q1284220
Vilhelm_Lundstr%C3%B8m,Q4993706
Alberto_Magnelli,Q607568
Marcia_Hafif,Q19976003
Lasar_Segall,Q692098
Johan_Christian_Dahl,Q164735
Thomas_Jones_(artist),Q1743855
W%C5%82adys%C5%82aw_Strzemi%C5%84ski,Q2471547
Mart%C3%ADn_Chirino,Q1276527
Ion_Andreescu,Q723350
Giuseppe_Santomaso,Q470405
Odilon_Redon,Q154349
Ali_Akbar_Sadeghi,Q4724601
Claudio_Coello,Q332466
Sandro_Botticelli,Q5669
Luigi_Serafini_(artist),Q1275379
Ruth_Vollmer,Q7383250
Philip_Guston,Q701952
Arkady_Rylov,Q3623704
Henry_William_Banks_Davis,Q5399743
Mario_Sironi,Q643778
Martyl_Langsdorf,Q15993186
Henry_Tonks,Q364658
Konstantin_Gorbatov,Q943854
Endre_Rozsda,Q1251377
Jean-Joseph-Xavier_Bidauld,Q3166488
Dana_Schutz,Q5214826
John_Lee_(artist),Q6244367
Joan_Brull,Q3544236
Antonio_Donghi,Q2857263
Charles_Le_Brun,Q271676
Lilia_Carrillo,Q6547638
Vasily_Perov,Q315237
Lubo_Kristek,Q138389
Theodor_Aman,Q716808
Suzanne_Duchamp,Q435558
Hubert_Robert,Q548205
Pieter_van_Hanselaere,Q1848256
Ralph_Albert_Blakelock,Q1353482
John_Duncan_Fergusson,Q345905
Vicente_Juan_Masip,Q11287651
John_Singer_Sargent,Q155626
Alphonse_Mucha,Q146691
Sharaku,Q361174
LeRoy_Neiman,Q3124601
Giorgio_Morandi,Q309618
Antoine_Pesne,Q203758
Marcel_Mari%C3%ABn,Q1865524
John_Ruskin,Q179126
Roger_Raveel,Q477465
Luis_Feito,Q1876397
Stefano_di_Giovanni,Q362016
Rembrandt,Q5598
Jenny_Saville,Q441461
Conroy_Maddox,Q5162696
Victor_Palmov,Q2060728
Adnan_Coker,Q61077635
Ilka_Ged%C5%91,Q546182
Carl_Larsson,Q187310
John_Bradley_(artist),Q16197540
Ludwig_Knaus,Q567361
Albert_Joseph_Moore,Q1399837
Paul_P%C4%83un,Q7153038
Vilmos_Aba-Nov%C3%A1k,Q18165
Henri_Gervex,Q956102
Edward_Moran,Q966864
Eugeniusz_Zak,Q983573
Mili%C8%9Ba_Petra%C8%99cu,Q6857941
Ben_Nicholson,Q281637
Myron_Stout,Q19666172
William_Orpen,Q922483
Otto_Mueller,Q317041
Joy_Hester,Q6297144
K%C3%A4the_Kollwitz,Q142472
M%C3%A1rio_Cesariny_de_Vasconcelos,Q1360242
William_Congdon,Q4019969
Alfred_Freddy_Krupa,Q17385549
Fra_Angelico,Q5664
Charlotte_Posenenske,Q1067301
Albert_Dubois-Pillet,Q2831132
Ian_Davenport,Q3147251
%C3%89mile_Bernard,Q264193
Hale_Woodruff,Q15489989
Josefa_de_%C3%93bidos,Q269338
Stanley_Pinker,Q7599872
Th%C3%A9odore_Chass%C3%A9riau,Q342467
Gerard_ter_Borch,Q346808
Auguste_Rodin,Q30755
Matej_Sternen,Q4442392
Ant%C3%B3nio_Dacosta,Q3888493
Emilio_Grau_Sala,Q958441
Ulfert_Wilke,Q7878924
Jean-Baptiste_Carpeaux,Q182791
Li_Yuan-chia,Q6539264
Richard_Mortensen,Q392816
Eileen_Agar,Q3049418
Kuzma_Petrov-Vodkin,Q364226
David_Alfaro_Siqueiros,Q315647
Wyndham_Lewis,Q780102
Sohrab_Sepehri,Q469991
Jimmy_Ernst,Q92395
Hendrick_ter_Brugghen,Q437233
Arthur_Hughes_(artist),Q434575
Donald_Sultan,Q5295201
Leon_Kroll,Q12061052
Charles-Fran%C3%A7ois_Daubigny,Q252357
Edgar_Degas,Q46373
Carlo_Urbino,Q2939264
Charles_Garabedian,Q5077963
Jacques-Louis_David,Q83155
Ali_Omar_Ermes,Q4120096
%C8%98tefan_Popescu,Q8083896
Andranik_Avetisyan,Q16970684
Pieter_Codde,Q655049
Mati_Klarwein,Q213890
Martin_Johnson_Heade,Q3123472
Marie_Laurencin,Q233088
Grace_Cossington_Smith,Q3112987
Max_Slevogt,Q703356
L._S._Lowry,Q1354277
Francisco_Pacheco,Q365989
Bertalan_Sz%C3%A9kely,Q251217
Pietro_Longhi,Q447058
%C8%98tefan_Luchian,Q397123
Miriam_Schapiro,Q542496
Joseph_Ducreux,Q1378831
Giulio_Clovio,Q281219
Paul_S%C3%A9rusier,Q326606
Caravaggio,Q42207
Artuš_Scheiner,Q10858735
Laura_Knight,Q2693890
George_Stubbs,Q381728
David_Johnson_(American_artist),Q3695975
Firmin_Baes,Q2285269
George_Lambert_(English_painter),Q2545000
Antoni_T%C3%A0pies,Q158099
William_Saroyan,Q207356
John_Atkinson_Grimshaw,Q1699185
Richard_Whitney_(artist),Q7329952
Richard_Serra,Q321245
Vasile_Popescu,Q7916630
Jo_Baer,Q1689871
Walter_Darby_Bannard,Q7964647
Dora_Boneva,Q5297386
Hans_Memling,Q106851
Palma_Vecchio,Q9342
Ron_Gorchov,Q7363836
Lyonel_Feininger,Q158255
Caspar_David_Friedrich,Q104884
Aleksander_Gierymski,Q958927
Esaias_van_de_Velde,Q467361
Michelangelo,Q5592
Red_Grooms,Q3422714
Francesc_Ribalta,Q338800
Erin_Hanson,Q78233739
Al_Held,Q1301849
Conrad_Marca-Relli,Q472846
Winslow_Homer,Q344838
Frederick_George_Cotman,Q21461070
Giovanni_Battista_Gaulli,Q520573
Yayoi_Kusama,Q231121
Rik_Wouters,Q939197
Francisco_Goya,Q5432
Martial_Raysse,Q475098
Pieter_Wenning,Q7192839
Ronnie_Landfield,Q7365903
Edward_Burne-Jones,Q216406
Jagdish_Swaminathan,Q6122349
Niccol%C3%B2_Cannicci,Q3875843
Eug%C3%A8ne_Boudin,Q212600
Pierre-Narcisse_Gu%C3%A9rin,Q362704
Karl_Bodmer,Q124099
Manuel_Cargaleiro,Q6752488
T%C5%8Dshi_Yoshida,Q7862732
Robert_William_Buss,Q921595
Brett_Whiteley,Q176409
Anthony_van_Dyck,Q150679
Balcomb_Greene,Q4850256
Giuseppe_Crespi,Q528620
Dimitris_Mytaras,Q2344057
Enrico_Donati,Q2574382
Eric_Gill,Q551426
Paul_Feeley,Q7150600
Judith_Leyster,Q232423
Emil_Carlsen,Q5371205
William_Morris,Q182589
John_Singleton_Copley,Q316016
Peter_Phillips_%28artist%29,Q5482171
Albert_Pinkham_Ryder,Q948598
%C3%89mile_Prisse_d%27Avennes,Q2317861
Giuseppe_Arcimboldo,Q7751
Toyen,Q271743
Oswaldo_Guayasam%C3%ADn,Q555200
Tarsila_do_Amaral,Q466627
Albrecht_D%C3%BCrer,Q5580
Eugene_Lanceray,Q1520898
Henry_Herbert_La_Thangue,Q1606851
Michel_Kikoine,Q684675
Pietro_Lazzari,Q7192992
Anna_Ancher,Q253446
B%C3%A9la_Cz%C3%B3bel,Q900177
John_Riley_(painter),Q3809574
Tom_Scott_(painter),Q15462990
Javad_Hamidi,Q6165090
Jean_Metzinger,Q313096
Andrea_del_Castagno,Q240737
Marjorie_Acker_Phillips,Q6766212
John_Ferren,Q20887067
Philip_de_L%C3%A1szl%C3%B3,Q704208
Alfred_Krupa,Q55521527
Wilhelm_Tr%C3%BCbner,Q461271
Tetyana_Yablonska,Q4535928
Petrus_Christus,Q312616
Daniele_da_Volterra,Q540489
Ivan_Rutkovych,Q4401169
Domenico_Ghirlandaio,Q191423
Lawrence_Alma-Tadema,Q240526
Lucas_van_Leyden,Q320980
Salvador_Dal%C3%AD,Q5577
Jenaro_P%C3%A9rez_Villaamil,Q71992
Jorge_Camacho_%28painter%29,Q1703783
Jean_Cocteau,Q83158
Melchior_d%27Hondecoeter,Q304411
Gandy_Brodie,Q17308840
Andr%C3%A9_Lhote,Q463065
Thomas_Jones_Barker,Q1550144
Anne_Vallayer-Coster,Q468772
Martin_Kippenberger,Q736247
Theodore_Roszak_(artist),Q258726
Morton_Livingston_Schamberg,Q1948749
Carle_Vernet,Q585852
Jan_van_Eyck,Q102272
Mahmoud_Sa'id,Q6734398
Ellsworth_Kelly,Q544899
Victor_Servranckx,Q3062914
Paul_C%C3%A9zanne,Q35548
Jankel_Adler,Q213726
Ivan_Grohar,Q2339347
Jean-Jules-Antoine_Lecomte_du_Nouÿ,Q707904
Hovsep_Pushman,Q5917300
Heorhiy_Narbut,Q2443988
Konrad_Zuse,Q60093
Carlos_Orozco_Romero,Q1043110
Alice_Neel,Q460186
Jacob_Lawrence,Q355566
Edward_Simmons_(painter),Q2070314
Geta_Br%C4%83tescu,Q18538318
Antonio_Canova,Q5547
Franklin_Carmichael,Q3295479
Edmund_Leighton,Q142420
Adriaen_van_Ostade,Q352438
Adam_Frans_van_der_Meulen,Q349377
Clarence_Gagnon,Q2975556
Jamie_Wyeth,Q1099591
Rashid_bin_Khalifa_Al_Khalifa,Q7294933
Lavinia_Fontana,Q236050
Natalia_Goncharova,Q232391
Shozo_Shimamoto,Q2551656
Adolf_Fleischmann,Q177693
Charles_William_Mitchell,Q1066469
Mark_Tobey,Q261562
Herv%C3%A9_T%C3%A9l%C3%A9maque,Q481327
Osias_Beert,Q1857977
Thomas_Francis_Dicksee,Q7789765
Kurt_Schwitters,Q155158
T._C._Steele,Q7668184
Asher_Brown_Durand,Q391608
Stanisław_Wyspiański,Q312627
Richard_Hamilton_(artist),Q159465
Rafa_al-Nasiri,Q3417198
Piero_della_Francesca,Q5822
Gustave_Moreau,Q203828
F%C3%A9lix_Labisse,Q2012984
Hiro_Yamagata_(artist),Q3508827
Franz_Stuck,Q45006
Lourdes_Castro,Q10319937
Antonio_Berni,Q2566694
F%C3%A9lix_Louis_Leullier,Q3092522
Giorgio_Cavallon,Q5563463
Berthe_Morisot,Q105320
Konstantin_Yuon,Q1343751
Peder_Balke,Q2272816
Louis_Cane,Q1442855
Ary_Scheffer,Q436726
Arturo_Michelena,Q715363
Lyman_Kipp,Q6708051
Alfred_Parsons_(artist),Q4723267
Isaac_Levitan,Q211356
Otto_Gustaf_Carlsund,Q2610660
Titian,Q47551
Austin_Osman_Spare,Q713017
Charles_Sprague_Pearce,Q466921
Howard_Pyle,Q525713
Georgia_O'Keeffe,Q46408
Jiro_Yoshihara,Q2303860
Edward_Henry_Potthast,Q1252045
Enrico_Baj,Q765758
David_Batchelor_%28artist_and_writer%29,Q1173667
Jos%C3%A9_Campeche,Q6291777
Michel_Seuphor,Q548860
George_Hemming_Mason,Q5540392
Dolfi_Trost,Q5288970
Alighiero_Boetti,Q556337
Terry_Frost,Q320336
Benjamin_West,Q313498
James_Wilson_Carmichael,Q4215366
Konstantin_Korovin,Q437792
Tom_Roberts,Q1291901
Eva_Gonzal%C3%A8s,Q464300
Kent_Bellows,Q6391620
Victor_Vasarely,Q154448
Evelyn_De_Morgan,Q235903
David_Bomberg,Q734355
Archibald_Motley,Q4786462
Lorenzo_Monaco,Q155376
Horace_Vernet,Q161145
Brion_Gysin,Q917570
J._E._H._MacDonald,Q2665846
Suzanne_Valadon,Q156889
Albert_Marquet,Q267858
Kazimir_Malevich,Q130777
Mikhail_Vrubel,Q215100
Jean_Ren%C3%A9_Bazaine,Q708504
Rogier_van_der_Weyden,Q68631
J%C3%A9r%C3%B4me-Martin_Langlois,Q672158
Theodore_Robinson,Q1384543
Mary_Fedden,Q3492587
Juan_Gris,Q151152
Toyohara_Chikanobu,Q3087294
Ippolito_Caffi,Q1059376
Akseli_Gallen-Kallela,Q170068
Francis_Picabia,Q157321
Mario_Comensoli,Q360047
L%C3%A1szl%C3%B3_Moholy-Nagy,Q160448
Lee_Bontecou,Q276372
Mihail_Simonidi,Q3310869
Adam_van_Noort,Q351328
Henri_Matisse,Q5589
Julius_Evola,Q334147
Marcelino_Vespeira,Q6756327
Arthur_Pan,Q4799908
Lajos_Tihanyi,Q856707
Knud_Baade,Q1508306
Rudolf_Schweitzer-Cump%C4%83na,Q12739640
Crist%C3%B3v%C3%A3o_de_Figueiredo,Q4483440
Anne-Louis_Girodet_de_Roussy-Trioson,Q433434
Sofia_Areal,Q7553612
Edward_Hopper,Q203401
Horia_Damian,Q3140531
Mary_Beale,Q2347846
Mikhail_Lebedev,Q344070
Cassius_Marcellus_Coolidge,Q596571
Umberto_Boccioni,Q152797
Adalbert_Erdeli,Q4532370
Derek_Boshier,Q5261826
Perle_Fine,Q7169132
Serge_Sudeikin,Q2506375
Luis_de_Madrazo,Q3840426
Johann_Heinrich_Sch%C3%B6nfeld,Q278623
Christopher_R._W._Nevinson,Q185850
Wifredo_Lam,Q465342
George_Henry_(painter),Q3128564
Pol_Bury,Q492909
Matthias_Gr%C3%BCnewald,Q154338
Lilla_Cabot_Perry,Q431705
Christen_K%C3%B8bke,Q381458
Aleksandr_Deyneka,Q620483
Lemuel_Francis_Abbott,Q725410
Francesco_Hayez,Q223725
Paul_Brach,Q7149478
George_Folingsby,Q5539461
Carlos_M%C3%A9rida,Q1043100
Bruno_Schulz,Q148886
Elenore_Abbott,Q5359203
Andrea_Mantegna,Q5681
Lennart_Rodhe,Q4357405
Howard_Hodgkin,Q950746
Santiago_Rusi%C3%B1ol,Q366930
Frans_Hals,Q167654
Carel_Willink,Q729098
Vittore_Carpaccio,Q5581
Fernand_L%C3%A9ger,Q157183
Karl_Friedrich_Lessing,Q821537
Osman_Hamdi_Bey,Q1190012
William_Barnes_Wollen,Q12073104
H%C3%A9l%C3%A8ne_de_Beauvoir,Q432558
Frederick_McCubbin,Q965809
Maurice_Bompard_(painter),Q3300449
Jind%C5%99ich_%C5%A0tyrsk%C3%BD,Q1261996
Gustave-Claude-Etienne_Courtois,Q2061725
Victor_Borisov-Musatov,Q1095289
Wolfgang_Paalen,Q669728
Tahir_Salahov,Q2627373
Vilhelm_Hammersh%C3%B8i,Q380706
Georg_Mici%C3%BA,Q21176465
Gebre_Kristos_Desta,Q18811024
William_L._Hawkins,Q20856693
Paolo_Veronese,Q9440
Albert_Bloch,Q321462
Agostino_Tassi,Q395741
Hokkei,Q11673960
Giuseppe_Abbati,Q1346145
Vieira_Portuense,Q1617507
Christian_Boltanski,Q705225
P%C3%A9ricl%C3%A8s_Pantazis,Q717716
Aydin_Aghdashloo,Q3944029
John_Currin,Q707675
Adam_Elsheimer,Q310285
Juan_Bautista_Ma%C3%ADno,Q2555566
Pierre_Daura,Q2742552
Arthur_Rackham,Q314938
Jacques_Villon,Q452254
Willard_Metcalf,Q736843
Cornelis_Springer,Q474066
Justus_van_Gent,Q515796
Nikos_Nikolaou,Q12881558
Victor_Meirelles,Q727060
Nicolae_Vermont,Q2975722
Maria_Helena_Vieira_da_Silva,Q242399
George_Pemba,Q5543308
Benjamin_Brown_(artist),Q4888341
Martin_Disler,Q670011
Alexander_Andreyevich_Ivanov,Q76829
Paul_Wonner,Q7154467
Giulio_Rosati,Q2059814
Stephen_Antonakos,Q15429571
Fern_Coppedge,Q5444448
L%C3%A9o_Schnug,Q3270564
Hans_Gude,Q701669
Howard_Arkley,Q5918989
Gilbert_Stuart,Q41402
Octav_B%C4%83ncil%C4%83,Q3068361
John_Constable,Q159297
Franz_Xaver_Winterhalter,Q168659
Th%C3%A9ophile_Steinlen,Q706041
Jean_Dubuffet,Q170076
Carlo_Crivelli,Q348024
Julian_Schnabel,Q345379
Maurice_de_Vlaminck,Q241098
Charles_Gleyre,Q452119
Arthur_Dove,Q709461
Agnes_Lawrence_Pelton,Q4693071
L%C3%A9on_Bonnat,Q170259
Roger_de_La_Fresnaye,Q718882
Frank_Stella,Q375268
Hans_am_Ende,Q561091
Nassos_Daphnis,Q6967681
Antoine_Blanchard,Q2853691
Richard_Artschwager,Q568262
Antonio_Jacobsen,Q2857310
Domenico_Tintoretto,Q706519
Tr%E1%BA%A7n_V%C4%83n_C%E1%BA%A9n,Q7849256
Carlos_Alonso,Q2939293
Ronald_Davis,Q1674836
Alfred_Kubin,Q558054
Jean_Paul_Lemieux,Q3173875
Gustave_De_Smet,Q981212
Mel_Bochner,Q1485390
Eduardo_Arroyo,Q555137
Eduard_von_Gr%C3%BCtzner,Q71509
Helen_Frankenthaler,Q235281
Paula_Modersohn-Becker,Q234370
Fikret_Mualla_Sayg%C4%B1,Q3561143
Columbano_Bordalo_Pinheiro,Q1112288
Marc_Chagall,Q93284
Ethel_Reed,Q4394452
Roni_Horn,Q433895
Martiros_Saryan,Q718409
Morris_Graves,Q1693440
Bruno_Cassinari,Q993130
Modest_Cuixart,Q551902
Claude_Viallat,Q2978246
Edward_Hicks,Q2723190
Henri_Michaux,Q160780
Viktor_Vasnetsov,Q204138
Arkhip_Kuindzhi,Q353628
Yves_Tanguy,Q66809948
Prudence_Heward,Q276416
Joachim_Patinir,Q442491
Jean-Marc_Nattier,Q277738
Milton_Resnick,Q3858097
Taro_Yamamoto_%28artist%29,Q15454463
Jeffrey_Smart,Q1686493
David_Bowie,Q5383
Alexandre_Benois,Q319861
Vincenzo_Camuccini,Q718795
Andy_Warhol,Q5603
Eric_Fischl,Q936534
Philipp_Otto_Runge,Q166585
Xu_Beihong,Q714152
Angel_Planells,Q3825385
Benvenuto_Tisi,Q728512
Thomas_Moran,Q983441
Henri-Paul_Motte,Q355600
Franz_Sedlacek,Q1449040
Andr%C3%A9_Derain,Q156272
Ralph_Hotere,Q1568400
Jean_Arp,Q153739
Max_Kurzweil,Q317883
Gra%C3%A7a_Morais,Q10291442
Carlos_Nadal,Q5042428
Fran%C3%A7ois_Arnal,Q3083838
Sorin_Ilfoveanu,Q7563488
Jean-Paul_Riopelle,Q708544
Manuel_Felgu%C3%A9rez,Q1426480
Edmund_Dulac,Q27032
Constant_Troyon,Q219403
Joan_Brown,Q6204894
J%C3%B3hannes_Sveinsson_Kjarval,Q1364913
Joan_Mir%C3%B3,Q152384
Jean-Andr%C3%A9_Rixens,Q3079029
Vladimir_Makovsky,Q740592
Arthur_Pinajian,Q4797012
S%C3%A9raphine_Louis,Q235165
Louise_Abb%C3%A9ma,Q237911
Teodor_Axentowicz,Q795050
Odd_Nerdrum,Q434374
Alexander_Liberman,Q593715
Niki_de_Saint_Phalle,Q168704
Horace_Pippin,Q325076
Lorser_Feitelson,Q13476286
Ant%C3%B3nio_Carneiro,Q3847713
Louis_Comfort_Tiffany,Q312950
Rupert_Bunny,Q3056806
William_Hart_(painter),Q650080
Silvestro_Lega,Q369633
Richard_Smith_(artist),Q2150623
Anton_Raphael_Mengs,Q76718
Eugene_von_Guerard,Q507521
Fyodor_Bronnikov,Q4097027
Johannes_Moreelse,Q1362754
Landon_Mackenzie,Q6484894
Alad%C3%A1r_K%C3%B6r%C3%B6sf%C5%91i-Kriesch,Q1125612
Lyubov_Popova,Q259594
Paul_Delvaux,Q164712
Manabu_Mabe,Q3274337
Nikos_Hadjikyriakos-Ghikas,Q3341835
Rupprecht_Geiger,Q76426
Ian_Burn,Q1655457
Antonio_Ciseri,Q601609
Giovanni_Fattori,Q710089
Marianne_North,Q271648
Mark_Lancaster_%28artist%29,Q6768478
Max_Jacob,Q156214
Joshua_Johnson_(painter),Q958068
Robert_Harris_(painter),Q7345286
Albrecht_Adam,Q723297
Desmond_Morris,Q311132
Alfred_Sisley,Q175130
Frederick_Morgan_(painter),Q5498427
Alfred_Roller,Q78981
Nzante_Spee,Q3346742
Ivan_Kramskoi,Q207758
Hubertine_Heijermans,Q3264972
Basuki_Abdullah,Q4201116
Th%C3%A9odore_Rousseau,Q310025
Maurice_Braun,Q6792911
Vadym_Meller,Q1377165
Pierre_Soulages,Q708631
Jean_Leon_Gerome_Ferris,Q2090815
Arthur_Beecher_Carles,Q4797967
Georges_Ribemont-Dessaignes,Q1393354
Guy_Rose,Q1366671
B%C3%A9la_K%C3%A1d%C3%A1r,Q347920
Tetsuya_Ishida,Q2811362
August_Friedrich_Schenck,Q16534240
Cuno_Amiet,Q566797
Jos%C3%A9_Ferraz_de_Almeida_J%C3%BAnior,Q569859
Frank_Bowling,Q1264049
Wojciech_Fangor,Q8029114
Andrea_Solari,Q495110
Patrick_Procktor,Q7147484
Giovanni_Bellini,Q17169
SM_Sultan,Q681949
Hermann_David_Salomon_Corrodi,Q1341635
Boris_Kustodiev,Q313275
Georg_Pauli,Q1381512
Wanda_Koop,Q3566011
Stephen_Mueller,Q7610053
Anton_Mitov,Q9156380
Honor%C3%A9_Daumier,Q187506
Pedro_Coronel,Q380779
Theodoros_Stamos,Q470423
Alfred_Wallis,Q3354650
Georgios_Jakobides,Q510723
Susan_Rothenberg,Q436782
Wojciech_Weiss,Q941359
Lucian_Freud,Q154594
Marie-Th%C3%A9r%C3%A8se_Auffray,Q63322940
Christian_Wilhelm_Allers,Q704689
Arthur_Lismer,Q952000
Otto_Muehl,Q78663
Tony_DeLap,Q7822189
Th%C3%A9o_van_Rysselberghe,Q671883
Grant_Wood,Q217434
John_Frederick_Herring_Sr.,Q1686932
Henry_Arthur_McArdle,Q15967425
Raoul_Dufy,Q45205
Mary_Josephine_Walters,Q51751933
Bernard_Schultze,Q822694
Thomas_Sully,Q786545
Francisco_Bayeu_y_Sub%C3%ADas,Q2571452
Romare_Bearden,Q1291679
Utagawa_Kuniyoshi,Q317736
Bertalan_P%C3%B3r,Q933502
Vasily_Vereshchagin,Q127017
Sylvester_Shchedrin,Q1861382
Gabri%C3%ABl_Metsu,Q355213
John_William_Waterhouse,Q212754
Radi_Nedelchev,Q1394123
Robert_Mangold,Q686615
Harry_Clarke,Q981851
Piero_di_Cosimo,Q280851
Abidin_Dino,Q3562681
Guido_Reni,Q109061
Jean_B%C3%A9raud,Q461907
Jean_H%C3%A9lion,Q728088
Daniel_Richter,Q16774784
Thomas_Cole,Q334001
Victor_Brauner,Q558060
Afewerk_Tekle,Q382165
Leo_Valledor,Q6524303
Gheorghe_Tattarescu,Q2441977
Hoca_Ali_R%C4%B1za,Q5875297
Andr%C3%A9_Dunoyer_de_Segonzac,Q518406
Serge_Brignoni,Q1484055
Audrey_Flack,Q537578
Piotr_Micha%C5%82owski,Q1389396
Heywood_Hardy,Q1617043
Kazuo_Nakamura,Q6381655
%C3%82ngelo_de_Sousa,Q8077036
Requena_Nozal,Q19363498
Glenn_Brown_%28artist%29,Q444690
J%C3%BAlio_Resende,Q17280351
Adrian_Ghenie,Q372995
Gerard_van_Honthorst,Q314548
Andrea_del_Sarto,Q5571
Toko_Shinoda,Q114709
Jasper_Johns,Q155057
Elmer_Bischoff,Q3051555
Fedir_Krychevsky,Q4241419
Bram_van_Velde,Q569021
John_Brack,Q117680
George_Caleb_Bingham,Q598030
Anna_Boberg,Q4939691
Konstantin_Flavitsky,Q777821
Jean_Jansem,Q2991630
Jan_Sanders_van_Hemessen,Q427870
Josef_Čapek,Q454568
Frederick_Carl_Frieseke,Q537002
Master_of_the_Small_Landscapes,Q1918475
Pierre_Alechinsky,Q328248
Raoul_Ubac,Q654902
Max_Klinger,Q44252
Pierre-Henri_de_Valenciennes,Q334946
Agim_Sulaj,Q4692561
M._C._Escher,Q1470
Irma_Stern,Q281203
Akkitham_Narayanan,Q16038670
René_Marcil,Q84561673
Tyko_Sallinen,Q947790
Blinky_Palermo,Q565472
Willi_Baumeister,Q707911
Hassel_Smith,Q21466797
Frank_Lobdell,Q17466741
Sam_Gilliam,Q2216478
James_Bishop_(artist),Q20731253
Dorothy_P._Lathrop,Q5298579
Domenico_Fiasella,Q967032
Ivan_Milev,Q897653
Ivan_Aivazovsky,Q181568
Cornelis_de_Vos,Q474934
Robert_Nickle,Q7348036
Placido_Costanzi,Q4231486
Pat_Lipsky,Q13560734
Jean_Le_Moal,Q321685
Filippo_De_Pisis,Q661473
Luis_Paret_y_Alc%C3%A1zar,Q283412
Guilherme_de_Santa-Rita,Q2223220
Frank_Auerbach,Q215919
Fred_Yates,Q5496611
Alexandre-Jacques_Chantron,Q4720857
Otto_Eckmann,Q456371
Cima_da_Conegliano,Q8453
Gino_Severini,Q169984
Nasreen_Mohamedi,Q1965869
Raphael,Q5597
Dan_Christensen,Q5213254
Kazuo_Shiraga,Q1421445
Richard_Dadd,Q449519
Eug%C3%A8ne_Brands,Q2112533
John_Gibson_(sculptor),Q1700207
Ferdynand_Ruszczyc,Q1392368
Atsuko_Tanaka_%28artist%29,Q274945
Barnett_Newman,Q374504
Nikolai_Yaroshenko,Q450949
George_Segal_%28artist%29,Q703624
Olivier_Debr%C3%A9,Q2637632
Jos%C3%A9_Pancetti,Q3624721
Thomas_Pollock_Anshutz,Q2757568
Maynard_Dixon,Q6797395
Matthias_Stom,Q949627
Andrey_Shishkin,Q56072750
Beatrix_Potter,Q214565
Paul_%C3%89mile_Chabas,Q964791
Karel_Appel,Q152793
Kerry_James_Marshall,Q832432
L%C3%A9on_Arthur_Tutundjian,Q3271368
Hermann_Hendrich,Q324469
Ivan_Generali%C4%87,Q965675
Robert_Campin,Q80442
Mario_Schifano,Q1411112
Nicolae_D%C4%83r%C4%83scu,Q3889283
Yeghishe_Tadevosyan,Q2598681
Valerio_Adami,Q562139
Joseph-Marie_Vien,Q647934
J._M._W._Turner,Q159758
Fred_Williams,Q3086974
Jacek_Malczewski,Q448189
%C3%89douard_De_Bi%C3%A8fve,Q679002
Paula_Klien,Q29167504
Jan_Steen,Q205863
Frank_Weston_Benson,Q956055
Boris_Grigoriev,Q432523
Charles_E._Burchfield,Q3349279
Christoffer_Wilhelm_Eckersberg,Q363823
Anders_Zorn,Q206820
Enrico_Prampolini,Q921345
Ferdinand_Georg_Waldm%C3%BCller,Q186816
Francisco_Toledo,Q1351374
Maxime_Lalanne,Q2059329
Kishio_Suga,Q18233370
Dmitry_Levitzky,Q556681
Bernardo_Strozzi,Q437724
Olga_Albizu,Q7086530
%C3%93scar_Dom%C3%ADnguez,Q293314
Marko_Poga%C4%8Dnik,Q328436
Boris_Schatz,Q893776
August_Macke,Q33981
George_Bouzianis,Q433443
Edith_Vonnegut,Q5338689
Bernard_Cohen_%28painter%29,Q822353
Hedda_Sterne,Q436874
Sadamasa_Motonaga,Q965472
Canaletto,Q182664
%C3%96yvind_Fahlstr%C3%B6m,Q307693
Rudolf_von_Alt,Q638183
Franti%C5%A1ek_Kupka,Q167414
Paul_Nash_(artist),Q727643
Gerhard_Richter,Q164351
Jessie_Willcox_Smith,Q139452
Winston_Churchill,Q8016
Juriaen_Pool,Q2685281
John_Bauer_(illustrator),Q214043
Jan_Matejko,Q189117
Ettore_Spalletti,Q287718
Samuel_Palmer,Q982251
Edward_R._Taylor,Q5344967
Anton_Melbye,Q3486604
Clyfford_Still,Q700336
Manoel_da_Costa_Ata%C3%ADde,Q4742
Paul_Revere,Q327071
Gerard_David,Q333380
Arnulf_Rainer,Q563515
Grace_Pailthorpe,Q21465227
Martin_Schongauer,Q155575
Antonietta_Brandeis,Q2006411
Frederic_Remington,Q560787
Louis_Marcoussis,Q1346343
David_Wilkie_(artist),Q902759
Collette_Pope_Heldner,Q5147115
Max_Weber_(artist),Q535334
Luca_Signorelli,Q7031
Haroutiun_Galentz,Q4132344
Giorgione,Q8459
Enzo_Cucchi,Q698306
Mark_Rothko,Q160149
Theodor_Kittelsen,Q380085
Felice_Casorati,Q574616
Frank_Xavier_Leyendecker,Q5490522
Stanisław_Ignacy_Witkiewicz,Q381238
Grandma_Moses,Q260683
Kit_Williams,Q6417490
Alexander_Bazhbeuk-Melikyan,Q4075091
Max_Pechstein,Q162105
Sophie_Taeuber-Arp,Q254395
Mikhail_Shibanov,Q3624859
Alejandro_Obreg%C3%B3n,Q1344035
Robert_Indiana,Q169281
Remedios_Varo,Q235275
Salomon_Koninck,Q1344948
John_Henry_Twachtman,Q1342683
Ralph_Hedley,Q7287617
Dan_Flavin,Q504395
Bartolomeo_Passarotti,Q809512
Callum_Innes,Q5022963
Pietro_Perugino,Q5827
Jules-Alexandre_Gr%C3%BCn,Q1698761
John_Trumbull,Q369263
Henri_Regnault,Q553571
Nicholas_Hilliard,Q318114
Ivan_Bilibin,Q312024
Richard_Eurich,Q7325540
George_%C8%98tef%C4%83nescu,Q717229
Joe_Tilson,Q1363990
Jacques_Daret,Q728249
Fernando_Botero,Q272877
Camille_Pissarro,Q134741
Wilhelm_Leibl,Q704661
Hugo_van_der_Goes,Q215251
Graydon_Parrish,Q5598304
Robert_Qualters,Q15432003
John_Collier_%28painter%29,Q453972
Anne_Appleby,Q4768122
Georg_Baselitz,Q164775
Ford_Madox_Brown,Q319843
Man_Ray,Q46139
Jackson_Pollock,Q37571
Julio_Gal%C3%A1n,Q1712361
Vanessa_Bell,Q255294
Nicolaes_Maes,Q505150
Panos_Terlemezian,Q4455843
Fernand_Leduc,Q3069236
Edward_Corbett_%28artist%29,Q5342409
Georges_Seurat,Q34013
Craig_Mullins,Q610125
Fernando_Lanhas,Q3069481
El_Lissitzky,Q152233
Jan_Lievens,Q430783
Francesc_Masriera,Q1531238
Twins_Seven_Seven,Q357005
Louis_Janmot,Q1382422
Jean_Hey,Q1268739
Samuel_Dirksz_van_Hoogstraten,Q436797
Antonio_Corpora,Q470314
Amrita_Sher-Gil,Q150312
Albert_Tucker_(artist),Q3631144
Medi_Dinu,Q16629547
Rembrandt_Peale,Q375926
Natalia_Dumitresco,Q3336350
Eric_Ravilious,Q1351572
Pontormo,Q207929
Rosario_Weiss_Zorrilla,Q6761699
Vasyl_Yermylov,Q462295
Julius_LeBlanc_Stewart,Q2205989
Billy_Apple,Q4912115
Charles_Hermans,Q2262696
Vladimir_Dimitrov,Q2000883
Pieter_Brueghel_the_Younger,Q255828
Gustav_Bauernfeind,Q321689
Pieter_de_Hooch,Q314889
Fernando_de_Szyszlo,Q5445006
Victor_Pasmore,Q664275
Konstantinos_Maleas,Q737559
Gustav_Klimt,Q34661
Arsen_Savadov,Q4403656
Nikolaus_Kn%C3%BCpfer,Q936917
John_Lewis_Krimmel,Q3181935
Mommie_Schwarz,Q1563358
Walter_Crane,Q660917
Hans_Bellmer,Q213703
James_Campbell_(artist),Q6130936
Theophilus_Brown,Q7782284
Józef_Pankiewicz,Q1038450
Lovis_Corinth,Q157610
J%C3%A1nos_Tornyai,Q1323045
Jacob_van_Strij,Q597322
Robert_Rauschenberg,Q164358
Gr%C3%A9goire_Michonze,Q941905
Peter_Nicolai_Arbo,Q353014
Augustus_John,Q562540
John_Flaxman,Q366066
Nyoman_Masriadi,Q7071230
Gustave_Loiseau,Q2183848
Filippo_Brunelleschi,Q174330
Bartolom%C3%A9_Esteban_Murillo,Q192062
Thomas_Dewing,Q1378807
Joshua_Reynolds,Q194402
Tadanori_Yokoo,Q3513688
Roy_Lichtenstein,Q151679
Emanuel_Leutze,Q452321
Anton_Heyboer,Q321632
John_Vassos,Q6261844
Suh_Se-ok,Q16170392
Giuseppe_Pinot-Gallizio,Q3108130
William_Hamilton_(painter),Q15472
Albert_Nikolayevitch_Benois,Q946949
Gavin_Hamilton_(artist),Q1496436
Konstantin_Vasilyev,Q920086
Domenico_Gnoli_%28painter%29,Q325489
Mykola_Murashko,Q4307906
David_Hare_(artist),Q465126
William_Russell_Flint,Q8017860
Maurice_Est%C3%A8ve,Q471318
Friedel_Dzubas,Q3087674
%C4%B0brahim_%C3%87all%C4%B1,Q6103448
Armando_Rever%C3%B3n,Q2343025
Zakar_Zakarian,Q8065007
John_McLaughlin_%28artist%29,Q1372986
Defendente_Ferrari,Q43174
Stanley_Boxer,Q7599492
Mykhailo_Boychuk,Q4090507
Jehan_Georges_Vibert,Q1280412
William_Williams_(artist),Q3569029
Julio_Gonz%C3%A1lez_%28sculptor%29,Q316531
Damien_Hirst,Q294326
Paul_Jenkins_(painter),Q477429
Thomas_Gainsborough,Q192720
Jean_Alexandru_Steriadi,Q368968
Claude_Monet,Q296
Paul_Signac,Q151573
William_Scott_%28artist%29,Q257928
Hercules_Seghers,Q931846
Jules_Joseph_Lefebvre,Q433973
Anton_Mauve,Q591907
Anselm_Kiefer,Q170344
Rodolfo_Amoedo,Q153845
Eyvind_Earle,Q436135
Filippino_Lippi,Q296265
Julian_Onderdonk,Q6307423
Pablo_Picasso,Q5593
Th%C3%A9odule_Ribot,Q768127
Genevi%C3%A8ve_Asse,Q1978192
S._H._Raza,Q3105774
Howard_Mehring,Q5920388
Jean_Beno%C3%AEt,Q472473
Saul_Steinberg,Q432856
Charles_Robinson_(illustrator),Q5082131
Allan_Ramsay_(artist),Q560792
Charles_Alston,Q1906150
Abraham_A._Manievich,Q1978510
Emilio_Pettoruti,Q3724491
Lynd_Ward,Q122644
Darren_Waterston,Q5225222
Jean_Messagier,Q827495
Pauline_Boty,Q13582268
Franz_Marc,Q44054
Edward_Poynter,Q465163
Aelbert_Cuyp,Q313194
Lucas_Cranach_the_Elder,Q191748
Enrico_Castellani,Q560134
Anna_Ostroumova-Lebedeva,Q562945
Pieter_Claesz,Q354832
David_Morier,Q15699621
Gianni_Piacentino,Q20829173
Thalia_Flora-Karavia,Q3519468
Peter_Max,Q215805
Giovanni_Battista_Tiepolo,Q186202
Wassily_Kandinsky,Q61064
Raoul_De_Keyser,Q1342974
Patrick_Pietropoli,Q22007432
James_Webb_(painter),Q6145253
Jean-Fran%C3%A7ois_Millet,Q148458
Jack_Tworkov,Q320821
Eva_Hesse,Q215457
Achille_Zo,Q1685328
Abbott_Handerson_Thayer,Q306759
Richard_Oelze,Q175412
John_Stuart_Ingle,Q15453697
Burhan_Do%C4%9Fan%C3%A7ay,Q1016269
Pisanello,Q311082
John_Bratby,Q3809107
Leonardo_da_Vinci,Q762
John_McCracken,Q52067300
Frances_Hodgkins,Q1264271
Pino_Daeni,Q3905256
Diego_Vel%C3%A1zquez,Q297
Il_Sodoma,Q8506
Max_Walter_Svanberg,Q524190
William_Collins_(painter),Q2623883
Christian_Schad,Q703331
Nicolas_de_Sta%C3%ABl,Q470551
Martin_Creed,Q1385567
Josef_%C5%A0%C3%ADma,Q551857
Frank_Dicksee,Q684057
Robert_Ryman,Q640936
Luke_Fildes,Q1855648
Joan_Pon%C3%A7,Q1092559
Juan_van_der_Hamen,Q1710710
Betty_Goodwin,Q2900236
Max_Gubler,Q1912614
Frank_Johnston_%28artist%29,Q9285666
El_Greco,Q301
Marc_Vaux,Q6755936
Oswaldo_Vigas,Q3357525
David_Burliuk,Q610532
Konstantin_Bogaevsky,Q964203
David_Park_%28painter%29,Q3018587
Carl_Spitzweg,Q164979
Ren%C3%A9_Magritte,Q7836
F%C3%A9licien_Rops,Q378129
Max_Liebermann,Q158062
Cy_Twombly,Q159566
John_Pettie,Q3182289
%C3%89mile_Gall%C3%A9,Q275085
Thomas_Fearnley,Q1969461
Charles_Jacque,Q125409
Istv%C3%A1n_Farkas_(painter),Q427634
Andr%C3%A9_Bauchant,Q516924
Owen_Jones_(architect),Q1380862
Amadeo_de_Souza_Cardoso,Q451771
Leo_Leuppi,Q1818665
Imi_Knoebel,Q241977
Jan_Brueghel_the_Elder,Q209050
Arman_Manookian,Q3246977
Charles_Rennie_Mackintosh,Q220703
Simon_de_Vlieger,Q1093129
Byam_Shaw,Q2589323
Jeremy_Moon,Q63992894
Otto_Marseus_van_Schrieck,Q339270
Istv%C3%A1n_Nagy_(painter),Q1214252
Sonya_Rapoport,Q7562582
Marcelle_Cahn,Q543444
Gherasim_Luca,Q2625369
J%C3%B6rg_Immendorff,Q75858
Nuno_Gon%C3%A7alves,Q139015
Carmen_Herrera,Q522662
Hannelore_Baron,Q5649087
Pierre_Puvis_de_Chavannes,Q216873
Albrecht_Altdorfer,Q153746
Isamu_Noguchi,Q442628
Edward_Avedisian,Q5341650
Haddon_Sundblom,Q2081735
Clara_Southern,Q5126049
Filippo_Lippi,Q205148
Daniel_Ridgway_Knight,Q481259
Louise_Moillon,Q446984
Frida_Kahlo,Q5588
Johannes_Vermeer,Q41264
Marcel_Barbeau,Q680374
Adolph_Menzel,Q164961
Eero_J%C3%A4rnefelt,Q1390614
Frederick_Varley,Q2301935
Domingos_Sequeira,Q1234389
Bertold_L%C3%B6ffler,Q88602
Raden_Saleh,Q1375979
Bartolomeo_Veneto,Q809520
Ad_Reinhardt,Q345569
John_Frederick_Lewis,Q1391078
Agnes_Goodsir,Q4693045
Martin_Kober,Q559405
Marietta_Robusti,Q544173
Gustave_Courbet,Q34618
William_Holman_Hunt,Q211763
Roberto_Aizenberg,Q3436822
Mari%C3%A0_Fortuny,Q380052
Frans_van_Mieris_the_Elder,Q959236
John_Hoppner,Q326066
Mario_Nuzzi,Q1227379
József_Rippl-Rónai,Q569369
Olivier_Mosset,Q669030
Albin_Egger-Lienz,Q639706
Nicholas_Roerich,Q208993
Georges_Vantongerloo,Q771670
Auguste_Herbin,Q706359
Frans_Snyders,Q29231
Antonio_Cabral_Bejarano,Q5485139
Alexandre_Cabanel,Q310437
Giovanni_Antonio_Boltraffio,Q442528
Piero_Dorazio,Q459648
Maxime_Maufra,Q1856520
James_Lee_Byars,Q882861
L%C3%A1szl%C3%B3_Medny%C3%A1nszky,Q652975
Albert_R%C3%A0fols-Casamada,Q2607849
Giovanni_Boldini,Q362003
Leon_Underwood,Q6524926
Konrad_Witz,Q313183
Ert%C3%A9,Q984309
Tintoretto,Q9319
Bridget_Riley,Q234449
Marcel_Janco,Q366217
Wilhelm_Sasnal,Q1377079
Marie-Gabrielle_Capet,Q453187
Peter_Alexander_%28artist%29,Q2073638
Err%C3%B3,Q445946
John_Hoyland,Q827188
Thomas_Downing,Q112659080
Guan_Zilan,Q9422866
Giulia_Lama,Q2656451
Serge_Charchoune,Q3479242
Petre_Otskheli,Q3651997
Sol_LeWitt,Q168587
Leonid_%C5%A0ejka,Q6526516
Graham_Bell_(artist),Q5592657
John_Lavery,Q609328
L%C3%A9on_Cogniet,Q544646
Henri-Edmond_Cross,Q555224
Charles_Cottet,Q1574250
Claude_Deruet,Q355563
Douglas_Huebler,Q248070
L%C3%A9on_Spilliaert,Q1394505
Vasily_Surikov,Q110228
Albert_Bierstadt,Q77132
William-Adolphe_Bouguereau,Q483992
George_Tooker,Q938221
Pierre-Auguste_Renoir,Q39931
Emily_Carr,Q289624
Kenneth_Price,Q6390606
Francisco_Oller,Q2681959
Mikhail_Nesterov,Q318427
Sonia_Delaunay,Q232972
Vincent_van_Gogh,Q5582
Raja_Ravi_Varma,Q333453
Stanley_Spencer,Q1282413
Abraham_Storck,Q330635
Egon_Schiele,Q44032
Mily_Possoz,Q10330159
Aubrey_Beardsley,Q272566
Hans_Heysen,Q330420
Jack_Bush,Q6111490
Marcello_Bacciarelli,Q380717
Kunisada,Q467427
Stanis%C5%82aw_Szukalski,Q4349507
Edward_Wadsworth,Q1294022
Gabriel_von_Max,Q655778
John_Duncan_(painter),Q1521460
Samuel_Peploe,Q721053
Theo_van_Doesburg,Q160422
Princess_Fahrelnissa_Zeid,Q3064473
Frederic_Edwin_Church,Q366212
George_Morland,Q2405427
Walter_Battiss,Q3565686
Giambattista_Pittoni,Q982011
Luigi_Guardigli,Q2411487
Nikolai_Ge,Q457976
Klavdy_Lebedev,Q2369257
Louis-Philippe_Cr%C3%A9pin,Q524062
Mario_Zanini,Q6765025
Hans_Hofmann,Q215461
Grigoriy_Myasoyedov,Q654547
Fritz_Winter,Q578152
Henri_de_Toulouse-Lautrec,Q82445
Giovanni_Battista_Salvi_da_Sassoferrato,Q1345289
Grazia_Varisco,Q3775999
Hiroshige,Q200798
Michael_Sowa,Q1929431
Fran%C3%A7ois_G%C3%A9rard,Q163543
Francisco_Herrera_the_Elder,Q454912
Lin_Fengmian,Q986362
Allan_D%27Arcangelo,Q4730556
Paul_Thek,Q1346819
David_James_(painter),Q21467201
Maria_Prymachenko,Q2639482
Heinrich_Lefler,Q874799
Kazuaki_Tanahashi,Q1624368
Bernard_Buffet,Q365304
Margaret_Macdonald_Mackintosh,Q508344
Louisa_Matth%C3%ADasd%C3%B3ttir,Q3481502
Willem_Kalf,Q28144
Carl_Bloch,Q547055
R._B._Kitaj,Q569505
Jan_Cox_(painter),Q2173397
Winifred_Nicholson,Q8025414
Henry_Ossawa_Tanner,Q1374436
Nicolae_Tonitza,Q733762
Ernst_Wilhelm_Nay,Q644630
Annibale_Carracci,Q7824
Mikl%C3%B3s_Barab%C3%A1s,Q790148
Jerzy_Nowosielski,Q1125065
Antoine-Jean_Gros,Q216999
Pierre-Paul_Prud'hon,Q469056
Richard_Pousette-Dart,Q870701
Jacob_Collins,Q13426389
Alexandre_Jacovleff,Q593879
Hans_Richter_%28artist%29,Q213597
Telemaco_Signorini,Q2326080
William_Glackens,Q1339934
Thomas_Hardy_(English_painter),Q7790419
Fairfield_Porter,Q5430337
Georges_Lacombe_(painter),Q652723
John_Varley_(painter),Q2057288
Henrique_Pous%C3%A3o,Q3847723
Giuseppe_De_Nittis,Q607495
Helen_Dahm,Q1500100
Maurice_Denis,Q440369
David_Cox_(artist),Q1174087
Virginia_Frances_Sterrett,Q7934270
Valentine_Hugo,Q3553651
David_Davies_(artist),Q5232849
Jan_Toorop,Q369416
Marcos_Zapata,Q6757953
Alfred_Manessier,Q664268
Jay_DeFeo,Q15522104
Mordecai_Ardon,Q631835
Pierre_Emmanuel_Damoye,Q7192198
Asger_Jorn,Q83578
Maarten_van_Heemskerck,Q538350
Fyodor_Vasilyev,Q1422249
Nade%C5%BEda_Petrovi%C4%87,Q264453
Jacopo_Bassano,Q346502
Peter_Blake_%28artist%29,Q504611
Henri_Le_Fauconnier,Q1368018
Maud_Lewis,Q1479154
Christian_Rohlfs,Q62992
Judy_Chicago,Q441440
Theodor_Pallady,Q568284
John_Everett_Millais,Q159606
Peter_Paul_Rubens,Q5599
G%C3%B6sta_Adrian-Nilsson,Q4992315
John_Leech_(caricaturist),Q1374807
Joe_Goode,Q6210073
Pyotr_Konchalovsky,Q2626131
Giacomo_Balla,Q368254
Childe_Hassam,Q737635
Basil_Beattie,Q4867110
Bruce_Nauman,Q168665
Maxfield_Parrish,Q1333928
Helmut_Sturm,Q764055
George_Philip_Reinagle,Q1471781
John_Cage,Q180727
Antonio_López_Garc%C3%ADa,Q1257924
Janet_Fish,Q6153341
Jos%C3%A9_Clemente_Orozco,Q332041
Alma_Thomas,Q4733608
Abraham_van_Strij,Q2277410
Jan_Miense_Molenaer,Q759588
Briton_Rivi%C3%A8re,Q2470305
Jacob_Jordaens,Q270658
Anni_Albers,Q86078
Lynda_Benglis,Q538986
Alexander_Archipenko,Q157578
George_Dawe,Q1507231
Thomas_Eakins,Q214905
Corneliu_Baba,Q983262
J%C3%B3zef_Mehoffer,Q1354695
Andr%C3%A9_Lanskoy,Q321657
Donato_Bramante,Q7793
Konstantinos_Parthenis,Q2337096
Tom_Thomson,Q2035136
Carolus-Duran,Q274901
Jos%C3%A9_Malhoa,Q720979
Frederick_Hammersley,Q5497955
Samuel_Bak,Q473782
Piero_Manzoni,Q472756
Vasiliy_Ryabchenko,Q33142687
J%C3%BCrgen_Partenheimer,Q679765
Richard_Jack,Q7326790
Giovanni_Battista_Piranesi,Q316307
Carlo_Carr%C3%A0,Q168496
Balthus,Q325925
Theodor_Philipsen,Q1393242
James_Abbott_McNeill_Whistler,Q203643
Hendrick_Cornelisz_Vroom,Q578067
Alexey_Zubov,Q4194354
Georgina_de_Albuquerque,Q2855284
Yiannis_Moralis ,Q2003723
William_Leighton_Leitch,Q2579723
Peter_Dreher,Q873511
John_Frederick_Kensett,Q982284
Willem_Cornelisz_Duyster,Q2345697
Jules_Dupr%C3%A9,Q959212
Anatol_Petrytsky,Q4360590
Ismail_Shammout,Q1982245
J%C3%B3zef_Che%C5%82mo%C5%84ski,Q983949
Ethel_Carrick,Q5403087
Ant%C3%B3nio_Palolo,Q4777595
Norman_Bluhm,Q321158
Mario_Prassinos,Q472243
Fede_Galizia,Q2428749
Parmigianino,Q9348
Elaine_de_Kooning,Q449536
Ferdinand_Hodler,Q214564
Stuart_Davis_%28painter%29,Q704588
Sigmar_Polke,Q376062
Jean_Fouquet,Q311398
Francesco_Botticini,Q983275
Aldo_Mondino,Q3609265
Oleksandr_Murashko,Q4307907
Johannes_Itten,Q123138
William_Bradford_(painter),Q8005829
John_O%27Connor_(painter),Q6250820
Konrad_Klapheck,Q315875
Adolf_Hir%C3%A9my-Hirschl,Q331047
Andrei_Ryabushkin,Q502406
Th%C3%A9odore_G%C3%A9ricault,Q184212
Ralph_Goings,Q459309
%C3%89douard_Vuillard,Q239394
Richard_Tuttle,Q836743
Berthold_Woltze,Q19800076
Dado_%28painter%29,Q476279
Lev_Lagorio,Q1400810
Pavel_Fedotov,Q248597
Jos%C3%A9_Vela_Zanetti,Q5552128
William_Harnett,Q935186
Guercino,Q334262
Dieric_Bouts,Q313561
Utagawa_Toyokuni_II,Q3074993
Nathan_Altman,Q1358816
Joan_Snyder,Q6205466
Jean-L%C3%A9on_G%C3%A9r%C3%B4me,Q212499
Gunther_Gerzso,Q352356
Samuel_Morse,Q75698
Bice_Lazzari,Q3639717
Wenceslaus_Hollar,Q448555
Eustache_Le_Sueur,Q1378723
Albert_Anker,Q72510
Francesco_Solimena,Q736065
Edward_Robert_Hughes,Q2280615
S%C3%A1ndor_Bortnyik,Q562814
Carla_Accardi,Q2939027
Marie-Guillemine_Benoist,Q118810
Koloman_Moser,Q45055
Hans_Hoffmann_(painter),Q322471
Alaa_Awad,Q16840957
Joaqu%C3%ADn_Agrasot,Q428354
Henry_Moore_(painter),Q466588
Tar%C5%8D_Okamoto,Q983942
Sam_Francis,Q526470
Lawren_Harris,Q3106117
Ivan_Eyre,Q3156094
Ioannis_Altamouras,Q3154048
Gillian_Ayres,Q11860480
Louis_Wain,Q714709
"Santa_Monica_College_of_Design,_Art_and_Architecture",Q16956633
George_Washington_Lambert,Q2545507
Hokusai,Q5586
Bruno_Munari,Q708028
Henry_Raeburn,Q561916
Vicente_Manansala,Q2147430
Gotthard_Graubner,Q880775
Bradley_Walker_Tomlin,Q551865
Solomon_Joseph_Solomon,Q2105066
Gregorio_Vardanega,Q17486637
Maurice_Sendak,Q314771
Adriaen_van_de_Velde,Q367741
Georges_Valmier,Q1009528
Jan_Joest,Q1681906
Louis_Schanker,Q6688131
Paul-Albert_Besnard,Q424348
Marie_Bracquemond,Q273552
Vytautas_Kairi%C5%ABk%C5%A1tis,Q710258
Dorrit_Black,Q15711987
Karl_Schmidt-Rottluff,Q161143
Rita_Angus,Q7336470
Paula_Rego,Q235318
Juan_Carre%C3%B1o_de_Miranda,Q833224
Saturnino_Herr%C3%A1n,Q432826
Hans_Holbein_the_Younger,Q48319
Carl-Ludwig_Christinek,Q4501477
Mimi_Parent,Q274257
Niele_Toroni,Q556530
Charles_Marion_Russell,Q1065418
Sebastiano_Conca,Q774781
Salvator_Rosa,Q359421
Currier_and_Ives,Q1144898
Salomon_van_Ruysdael,Q247005
Thomas_Kinkade,Q724181
Clara_Peeters,Q265398
Johann_Anton_de_Peters,Q1692412
Wols,Q553952
Neo_Rauch,Q62331
Charles_de_Steuben,Q69708
Albert_Gleizes,Q711903
Fujishima_Takeji,Q347220
Marcel_Duchamp,Q5912
Alice_Baber,Q2646843
Manuel_Neri,Q6752769
Ossip_Zadkine,Q160172
Ludwig_Manzel,Q474834
Quentin_Matsys,Q314275
Frank_Cadogan_Cowper,Q1398238
Walasse_Ting,Q2095915
George_Barbier_(illustrator),Q536721
Ray_Parker_%28painter%29,Q7297929
David_Bailly,Q724192
Evelyne_Axell,Q3061395
Joan_Mitchell,Q469934
Ramon_Casas,Q725681
Auguste_Toulmouche,Q2564226
Theodoor_van_Thulden,Q260817
Jim_Dine,Q531234
Arthur_Segal,Q30708459
Roberto_Matta,Q450236
F%C3%A9lix_Vallotton,Q123740
Roger_Bissi%C3%A8re,Q518444
%C5%A0ar%C5%ABnas_Sauka,Q4409116
Chu_Teh-Chun,Q2967568
Francesco_del_Cossa,Q454892
Louis_Valtat,Q1872017
Sherrie_Levine,Q319569
Andr%C3%A9_Masson,Q312529
Robert_Falk,Q662323
Algernon_Talmage,Q4724182
Gevorg_Bashinjaghian#cite_note-armsite-2,Q2064083
Erik_Bulatov,Q326367
Helene_Schjerfbeck,Q236985
Alexei_Savrasov,Q353008
Ivan_Albright,Q1392676
Marino_Marini_%28sculptor%29,Q703980
Othon_Friesz,Q708482
Joseph_Farquharson,Q1706969
Tess_Jaray,Q7705569
David_Smith_%28sculptor%29,Q726169
Josef_Albers,Q170071
Nathaniel_Hone_the_Younger,Q6969684
Homer_Watson,Q3786446
Hans_von_Aachen,Q152835
Esteban_Vicente,Q5400843
John_Roddam_Spencer_Stanhope,Q1406200
Matsutani,Q56539793
Alex_Colville,Q2832922
Antonio_da_Correggio,Q8457
Michiel_van_Musscher,Q185495
Alfredo_Volpi,Q1788014
Rubens_Santoro,Q15996346
Lois_Mailou_Jones,Q3258676
Plautilla_Nelli,Q3906452
Kay_Nielsen,Q3107486
Alfredo_Andersen,Q4582950
Edwin_Austin_Abbey,Q259538
Jacek_Yerka,Q2620328
Antonello_da_Messina,Q5594
Arshile_Gorky,Q165648
Charles_Spencelayh,Q5082586
William_Shayer,Q8018349
Jean_Fautrier,Q537838
Benny_Andrews,Q4889934
Thomas_Girtin,Q714243
Gilles_Aillaud,Q1366342
Galileo_Chini,Q3094741
Valentin_Serov,Q217128
Paul_Wunderlich,Q316829
Aleksandra_Ekster,Q242121
Henri_Fantin-Latour,Q310715
Neil_Welliver,Q6989468
Gerard_Sekoto,Q3103960
Paul_Ranson,Q585067
Thomas_Theodor_Heine,Q216004
Sun_Mu,Q3039800
Sean_Scully,Q535343
Fornasetti,Q114436545
Antonio_Ligabue,Q602842
Jean_Miotte,Q3173551
Gabriel_Ferrier,Q3093735
Tamara_de_Lempicka,Q229351
Richard_Wilson_%28painter%29,Q471387
Christopher_Wilmarth,Q21176533
Constantin_Daniel_Rosenthal,Q2907846
Jacques_Stella,Q605799
Jean_Benner,Q866077
Etel_Adnan,Q440316
Lajos_Gul%C3%A1csy,Q1028702
Maurice_Utrillo,Q108301
Nikolai_Kulbin,Q1251704
Marcus_Stone,Q1855173
David_Scott_(painter),Q5239590
Claude_Tousignant,Q2978211
%C3%89douard_Manet,Q40599
Bernardino_Luini,Q8537
Tony_Scherman,Q7823361
Beauford_Delaney,Q2893161
Zao_Wou-Ki,Q147144
Vytautas_Kasiulis,Q3563915
Manoucher_Yektai,Q6751468
Billy_Childish,Q863049
Paul_Klee,Q44007
Tony_Smith_%28sculptor%29,Q551899
Maurice_Prendergast,Q248707
Claude_Lorrain,Q214074
Fedor_Solntsev,Q3755460
Alexej_von_Jawlensky,Q156426
Betty_Parsons,Q435791
Isaac_Fuller,Q6076334
James_Barry_(painter),Q1042892
Jos%C3%A9_Mar%C3%ADa_Velasco_G%C3%B3mez,Q610971
Eduard_von_Gebhardt,Q322440
Konstantin_Somov,Q433067
Joachim_Wtewael,Q541644
Fr%C3%A9d%C3%A9ric_Bazille,Q207298
Candido_Portinari,Q319532
Agnes_Martin,Q275610
Hendrick_Avercamp,Q212593
Marc_Horowitz,Q6755624
Cornelis_van_Noorde,Q5171266
Oskar_Kokoschka,Q154260
Paritosh_Sen,Q961330
Jacoba_van_Heemskerck,Q440922
Greg%C3%B3rio_Lopes,Q724514
Federico_Zandomeneghi,Q1355820
Lee_Ufan,Q399775
Pekka_Halonen,Q1192814
Edvard_Weie,Q5341386
Benito_Quinquela_Mart%C3%ADn,Q817352
Michel_Parmentier,Q3310513
Max_Ernst,Q154842
Henryk_Siemiradzki,Q192544
Mildred_Anne_Butler,Q6850934
Jean-Paul_Laurens,Q708568
Marianne_Stokes,Q446382
Georges_Lemmen,Q1963612
Eduard_Isabekyan,Q7263095
Ivan_Mrkvička,Q4309439
Jan_Provoost,Q672255
Jean-Honor%C3%A9_Fragonard,Q127171
Henri_Laurens,Q738892
Nikolaos_Lytras,Q1991244
Pompeo_Batoni,Q505613
Pieter_Aertsen,Q326548
Eug%C3%A8ne_Grasset,Q524154
Rufino_Tamayo,Q690790
Arthur_Lowe_(painter),Q4799572
Marie_Bashkirtseff,Q255253
Vilho_Lampi,Q4411348
Mart%C3%ADn_Rico,Q427999
Martin_Yeoman,Q21457380
Mira_Schendel,Q1747401
Ernst_Ludwig_Kirchner,Q229272
Armand_Guillaumin,Q436844
Claudio_Tozzi,Q23893510
Roderic_O%27Conor,Q7356577
Eduardo_Viana,Q5340799
Bernardo_Bellotto,Q164688
George_Papazov,Q3103300
Albert_Edelfelt,Q356644
Gene_Davis_%28painter%29,Q5531163
Maurice_Quentin_de_La_Tour,Q314655
John_Crome,Q3503915
Thomas_Hart_Benton_(painter),Q471764
Philip_Pearlstein,Q708763
Vladimir_Borovikovsky,Q262098
Orazio_Gentileschi,Q367360
Rosa_Bonheur,Q241732
Charles-Andr%C3%A9_van_Loo,Q686597
Jan_Luyken,Q87466
Bob_Law,Q4933123
Pinturicchio,Q5591
Larry_Bell_%28artist%29,Q202621
Frank_O%27Meara,Q5488759
Nina_Arbore,Q15402320
Keith_Haring,Q485635
Tobias_Stranover,Q19545790
Nicolas_Carone,Q7029556
Le_Nain,Q809658
Roberto_Montenegro,Q724692
Constantin_Br%C3%A2ncu%C8%99i,Q153048
Keisai_Eisen,Q3046492
S%C3%A9bastien_Bourdon,Q553795
Thomas_Stuart_Smith,Q16065708
Utagawa_Toyokuni,Q950316
Robert_Delaunay,Q33978
Maerten_de_Vos,Q555022
Polychronis_Lembesis,Q1288115
Rodolfo_Aric%C3%B2,Q7002644
Jiro_Takamatsu,Q11670443
Jan_Sluyters,Q1682227
Joseph_Anton_Koch,Q263569
Fernando_Garcia_Ponce,Q5859603
Kenzo_Okada,Q1279374
Yervand_Kochar,Q782127
Vasily_Polenov,Q318393
Joseph_DeCamp,Q151149
Jean-Baptiste_Greuze,Q347139
K%C3%A1roly_Ferenczy,Q701504
William_Henry_Huddle,Q16062295
Gwen_John,Q274339
Eugene_de_Blaas,Q715036
Willem_de_Kooning,Q132305
Nicholas_Krushenick,Q1984917
Mariotto_Albertinelli,Q436823
Varlin,Q685428
Max_Beckmann,Q164683
Giovanni_Segantini,Q379300
Enrique_Martinez_Celaya,Q5379753
Morris_Louis,Q685186
Walter_Sickert,Q703369
L%C3%A9on_Bakst,Q214666
Otto_Piene,Q455115
Rosalba_Carriera,Q237726
%C8%98tefan_Dimitrescu,Q367357
Brice_Marden,Q475416
Edmund_C._Tarbell,Q2460318
Yannis_Tsarouchis,Q1390760
W%C5%82odzimierz_Zakrzewski,Q8041350
Granville_Redmond,Q1543291
Ivan_Shishkin,Q193064
Charles_Conder,Q1284465
Gego,Q2698511
Jan_Dirksz_Both,Q981631
Jean-Michel_Basquiat,Q155407
Luca_Giordano,Q332494
Zinaida_Serebriakova,Q161858
Jean-%C3%89tienne_Liotard,Q123757
Sophie_Gengembre_Anderson,Q237758
Constantin_Guys,Q662943
Jacopo_Bellini,Q313310
Giovanni_di_ser_Giovanni_Guidi,Q2738832
Rudolf_Ernst,Q324126
Thomas_Hill_(painter),Q2534502
Richard_Gerstl,Q129113
J._C._Leyendecker,Q565457
Gabriele_M%C3%BCnter,Q463978
Mathias_Goeritz,Q64487
Aleksander_Or%C5%82owski,Q937911
Roland_Petersen,Q7360384
Alberto_Gironella,Q3816949
Yves_Klein,Q154335
Paul_Leroy,Q204465
Joseph_Binder,Q1516192
Arshak_Fetvadjian,Q4483294
Paul_Jacoulet,Q863170
Robert_Bateman_(artist),Q2156487
Agostino_Carracci,Q316269
Aleksey_Antropov,Q1298354
Joseph_Wright_of_Derby,Q214062
Maurycy_Gottlieb,Q443136
Fra_Bartolomeo,Q7780
Edward_Ruscha,Q430967
Alexander_Pope_Jr.,Q4719868
%C3%89douard_Debat-Ponsan,Q274285
Jeremy_Henderson,Q21459176
Boles%C5%82aw_Biegas,Q2909319
Charles_Blackman,Q3666345
Chris_Ofili,Q1077608
Barrington_Watson,Q808936
Vasan_Sitthiket,Q873648
Robert_Spencer_(artist),Q17557326
John_Marin,Q666171
George_Bellows,Q167132
Bernd_Luz,Q18844457
Gian_Lorenzo_Bernini,Q160538
Georges_Hugnet,Q458721
Gustave_Boulanger,Q726564
Patrick_Henry_Bruce,Q1392667
%C3%81lvaro_Pires_de_%C3%89vora,Q10395841
Ferdinand_Bol,Q374039
Richard_Diebenkorn,Q1281597
Giorgio_Vasari,Q128027
Jean-Baptiste_van_Loo,Q542541
Christian_Attersee,Q1080884
Juriaen_van_Streeck,Q2072325
Diego_Rivera,Q171128
Esteban_Franc%C3%A9s,Q3058864
Wayne_Thiebaud,Q698275
Rainer_Fetting,Q325900
Forrest_Bess,Q5470435
Niko_Pirosmani,Q310896
Ipolit_Str%C3%A2mbu,Q3154215
Jean-Baptiste_Oudry,Q737137
Hyacinthe_Rigaud,Q49898
Aristarkh_Lentulov,Q664360
Eug%C3%A8ne_Delacroix,Q33477
Mstislav_Dobuzhinsky,Q972018
Gustav-Adolf_Mossa,Q3121050
Bernard_van_Orley,Q454678
Alberto_Burri,Q461740
Ralph_Earl,Q1350959
L%C3%A9opold_Survage,Q734172
Sydney_Laurence,Q7660006
Charles_Willson_Peale,Q454945
Larry_Zox,Q6491348
Peter_Doig,Q1281272
Jyoti_Bhatt,Q6319400
Francis_Bacon_(artist),Q154340
Isaac_van_Ostade,Q217648
Mattia_Preti,Q468632
Steve_Kaufman,Q2347060
Wade_Guyton,Q3564983
James_Rosenquist,Q448845
Horia_Bernea,Q12730063
Jos%C3%A9_Guerrero_(artist),Q1643179
Octavio_Ocampo,Q58399
Alonzo_Chappel,Q2048640
Gerrit_Dou,Q335927
Jean-Michel_Atlan,Q689646
Julio_Romero_de_Torres,Q1712402
Henry_Scott_Tuke,Q463962
Benozzo_Gozzoli,Q248615
Renato_Guttuso,Q381277
John_Simpson_(artist),Q18600468
D._Jeffrey_Mims,Q6176173
Albert_Bitran,Q2830971
Robert_Goodnough,Q7344845
Lionel_Royer,Q1827276
Camille_Bombois,Q683264
Rosso_Fiorentino,Q312617
Antoine_Watteau,Q183221
Alberto_Sughi,Q1118376
Alb%C3%ADn_Brunovsk%C3%BD,Q261679
Johann_K%C3%B6ler,Q724444
Willem_Isaacsz._van_Swanenburg,Q1961244
Taras_Shevchenko,Q134958
Richard_Hambleton,Q503470
Sergei_Parajanov,Q311311
Jerg_Ratgeb,Q567523
Christo_Coetzee,Q5111617
Arnold_B%C3%B6cklin,Q123071
Charles_Turner_(engraver),Q5083052
Pieter_Bruegel_the_Elder,Q43270
Daniel_Buren,Q593621
Eug%C3%A8ne_Burnand,Q681448
Shibata_Zeshin,Q2386947
Sofonisba_Anguissola,Q236038
Gentile_Bellini,Q290407
David_Lynch#Reviving_Twin_Peaks:_2014%E2%80%93present,Q2071
David_Teniers_the_Younger,Q335022
It%C5%8D_Jakuch%C5%AB,Q1240575
Nathan_Oliveira,Q3336745
Yefim_Volkov,Q4123305
James_Archer_(artist),Q1069608
Marjorie_Strider,Q6766337
Alexander_Khvostenko-Khvostov,Q4496957
Alexey_Venetsianov,Q515879
S%C3%A1_Nogueira,Q7665202
Thomas_Couture,Q326434
Paolo_Uccello,Q192488
Fernando_Calhau,Q5444629
Oswald_Achenbach,Q76415
Dieter_Roth,Q25591768
Paul_Gauguin,Q37693
Carl_Hols%C3%B8e,Q2185186
Paul_Guiragossian,Q7151036
Paul_Henry_(painter),Q7151247
Alfred_Dehodencq,Q323496
Luigi_Russolo,Q434916
Jean-Baptiste-Camille_Corot,Q148475
Richard_Parkes_Bonington,Q380395
Dale_Hickey,Q5210479
Hugo_Simberg,Q263080
Simon_Vouet,Q317920
Leon_Dabo,Q472837
Le_Corbusier,Q4724
Emil_Nolde,Q152788
Meijer_de_Haan,Q2297603
Wilhelm_Kotarbi%C5%84ski,Q4235924
Jane_Frank,Q3161863
John_Austen_(illustrator),Q6219760
Ronald_Bladen,Q1261891
Werner_Peiner,Q1669454
Andrea_del_Verrocchio,Q183458
Frits_Thaulow,Q445891
Jan_Cossiers,Q2116464
Yasuo_Kuniyoshi,Q3571991
Hieronymus_Bosch,Q130531
Adriaen_Brouwer,Q364139
Alphonse_Allais,Q371905
Dosso_Dossi,Q356777
Leonora_Carrington,Q233207
Vladimir_Tatlin,Q310320
Elizabeth_Thompson,Q517349
Peder_Severin_Kr%C3%B8yer,Q365068
Auguste_Edouart,Q2870949
Jules_Breton,Q282043
Mikalojus_Konstantinas_%C4%8Ciurlionis,Q297137
Pinchus_Kremegne,Q955906
Guity_Novin,Q242986
Avigdor_Arikha,Q2591295
Vasily_Sadovnikov,Q4404680
Marcus_Larson,Q5936739
Stig_Br%C3%B8gger,Q12337204
Julie_Mehretu,Q447568
Willem_van_Aelst,Q553273
Christian_August_Lorentzen,Q3416034
Pierre_Tal-Coat,Q320605
Filipp_Malyavin,Q1362444
Giulio_Turcato,Q556328
David_Roberts_(painter),Q369776
Leonardo_Alenza,Q2696989
Fran%C3%A7ois_Boucher,Q180932
Simeon_Solomon,Q732617
Raphael_Kirchner,Q700506
Edvard_Diriks,Q3193383
Luc-Olivier_Merson,Q390904
Franz_Kline,Q374492
Edward_Lear,Q309759
Robert_Brackman,Q7342289
Constantin_Daniel_Stahi,Q12069930
Nicolas_Tournier,Q2631153
Frances_MacDonald,Q458827
Elin_Danielson-Gambogi,Q1827236
Nikolaos_Gyzis ,Q472237
Utagawa_Kunisada_II,Q3075554
Karl_Benjamin,Q6371615
Bernhard_Strigel,Q637420
Jos%C3%A9_Guti%C3%A9rrez_Solana,Q428928
Joaqu%C3%ADn_Sorolla,Q351746
Gregoire_Boonzaier,Q5606623
M._F._Husain,Q558522
Erich_Heckel,Q156700
Fran%C3%A7ois_Lemoyne,Q732468
James_Lesesne_Wells,Q21994092
Barbara_Longhi,Q31146
William_Baziotes,Q652548
Chang_Dai-chien,Q163298
Nelson_Shanks,Q6990735
M%C3%A1rio_Eloy,Q1750588
Emile_Claus,Q733002
Pedro_Calapez,Q2066459
Walter_Gramatt%C3%A9,Q639413
Leonor_Fini,Q464011
Victor_Hugo,Q535
Wilhelm_von_Kaulbach,Q604107
Nabil_Kanso,Q3120846
Josef_Herman,Q6279834
Ilya_Repin,Q172911
Simon_Ushakov,Q1188303
Fernand_Khnopff,Q559559
Nicolae_Grigorescu,Q454321
Eleanor_Fortescue-Brickdale,Q434282
Kees_van_Dongen,Q170345
Phelan_Gibb,Q7181207
Edvard_Munch,Q41406
Jeanne_H%C3%A9buterne,Q235605
Ion_Theodorescu-Sion,Q3154105
Nutzi_Acontz,Q3346528
Adolf_Dietrich,Q361262
Anton_A%C5%BEbe,Q588124
Milton_Avery,Q2714574
Sidney_Nolan,Q381031
Marie-Denise_Villers,Q452123
Panayiotis_Tetsis,Q20686974
John_Martin_(painter),Q937096
Jusepe_de_Ribera,Q297838
Endre_B%C3%A1lint,Q852788
Paul_Reed_%28artist%29,Q7153141
David_Allan_(painter),Q590576
Cameron_Platter,Q16217551
Christina_Robertson,Q2199075
Kim_Tschang-yeul,Q6409518
Gustave_Singier,Q872193
Konstantinos_Volanakis,Q767151
Giovanni_Domenico_Tiepolo,Q435316
Henry_Fuseli,Q122382
Adriaen_van_de_Venne,Q367865
Orest_Kiprensky,Q367120
James_Tissot,Q381248
John_Glover_(artist),Q3181600
Jerry_McDaniel,Q6184072
Carel_Fabritius,Q352954
Norval_Morrisseau,Q653404
Gustave_Dor%C3%A9,Q6682
Eliseu_Visconti,Q2340277
Henry_Villierme,Q5729555
George_Catlin,Q455133
Dumitru_Gorzo,Q12727163
Pierre_Bonnard,Q26408
Andrew_Wyeth,Q316325
Thomas_Lawrence,Q312096
Constant_Permeke,Q381911
Charles_Courtney_Curran,Q948001
Julian_Fałat,Q1349858
Hans_Holbein_the_Elder,Q49987
Simon_Hanta%C3%AF,Q870924
Patrick_Caulfield,Q492111
Dorothea_Tanning,Q234324
Maximilian_Pirner,Q1648193
Lesser_Ury,Q512596
Henri_Catargi,Q12729935
Heinrich_Campendonk,Q213685
William_Turnbull_%28artist%29,Q325274
Lorenzo_Lotto,Q310973
Michael_Heizer,Q558432
Guillaume_Seignac,Q2075154
Gérard_Fromanger,Q2041451
Bahman_Mohasses,Q800248
Giovanni_Anselmo,Q637274
Adja_Yunkers,Q4683136
Marie_Vorobieff,Q459302
Fran%C3%A7ois_Morellet,Q667780
Andreas_Achenbach,Q76416
Charles_Demuth,Q380494
A._Y._Jackson,Q3499926
Albert_Julius_Olsson,Q16585843
Jacob_Ochtervelt,Q724646
Zhang_Xiaogang,Q2863499
Giacomo_Quarenghi,Q128623
Giuseppe_Penone,Q568924
Jane_Sutherland,Q5102798
G%C3%BCnther_F%C3%B6rg,Q561184
George_Romney_(painter),Q371280
Kay_Sage,Q444567
Dadamaino,Q3700763
Vardges_Sureniants,Q4446492
William_Hogarth,Q171344
Gustave_Caillebotte,Q295144
Maurice_Boitel,Q734936
Angelica_Kauffman,Q123098
Albert_Irvin,Q2831268
Cyril_Power,Q5200846
Guido_Molinari,Q320422
Francesco_Guardi,Q318769
John_Altoon,Q4062989
Gerardo_Dottori,Q1365533
Antonio_de_La_G%C3%A1ndara,Q606115
John_William_Godward,Q464999
Dante_Gabriel_Rossetti,Q186748
Nikolai_Dmitriyevich_Kuznetsov_(painter),Q3341659
Roger_Fry,Q547470
Alexei_Korzukhin,Q2834356
Anne_Truitt,Q565848
Nikolay_Bogdanov-Belsky,Q965013
Viktor_Oliva,Q1469764
Jakub_Schikaneder,Q1376646
Jacques_Lipchitz,Q380426
Alberto_Giacometti,Q157194
Leon_Battista_Alberti,Q182046
Aki_Kuroda,Q1091015
Max_Bill,Q123454
Lajos_Kass%C3%A1k,Q736847
Tobias_Verhaecht,Q1860598
Karl_Otto_G%C3%B6tz,Q67053
George_Luks,Q337733
William_Dobson,Q58303
Allan_Kaprow,Q366380
Leon_Wyczółkowski,Q943537
Cagnaccio_di_San_Pietro,Q1025737
Ottone_Rosai,Q719109
Alfred_Stevens_(painter),Q773855
Eastman_Johnson,Q1278282
Georges_Braque,Q153793
William_Merritt_Chase,Q265820
William_Blake,Q41513
Yuriy_Khimich,Q4497703
Aldemir_Martins,Q1784940
Louis_Vivin,Q1563526
Olga_Rozanova,Q270460
Ant%C3%B3nio_Areal,Q9618630
Toby_Edward_Rosenthal,Q1610297
Norman_Ackroyd,Q7051892
Georges_Lallemand,Q1508985
Francis_Gruber,Q2016617
Leiko_Ikemura,Q271251
Harald_Sohlberg,Q1367020
Eug%C3%A8ne_Carri%C3%A8re,Q461464
Jules_Bastien-Lepage,Q541859
George_Demetrescu_Mirea,Q3101522
Bronzino,Q7803
William_Simpson_(artist),Q2095810
Nikola_Martinoski,Q924865
Kuno_Gonschior,Q123484
Miguel_Cabrera_(painter),Q527206
William_Holbrook_Beard,Q1729542
Malcolm_Morley,Q316667
M%C3%A9ret_Oppenheim,Q61594
Sergey_Solomko,Q16699469
Ilya_Mashkov,Q2704611
Konstantin_Makovsky,Q460337
Reuben_Nakian,Q7317496
